Campaign Volunteer Directory,,,,,,,,
"*Please note that this is NOT an endorsement of any candidates. 
It is simply a collection of campaigns who need help. Please research candidates if you are unsure about them. ",,,,,,,,
Name:,State:,Govt Level:,Position:,Running as a:,District Location:,Stances Include (but at not limited to):,Find more info:,How to sign up to Volunteer:
Liliana Peinder,Alabama,Local,City Council District 3,Democrat running in a “nonpartisan race”,"Madison County - Huntsville City District 3, South Huntsville, Four Mile Post Road down to Ditto Landing","Strong Education Partnerships- Connecting tax dollars to preparing our specialized future workforce. Smart Growth- building proactively instead of reactively, solutions for road congestion, sustainable development, new roadway arteries. Expansion in more investment in social-infrastructure- investing in people and the systems that keep Huntsville strong.",LilianaforHuntsville.com,https://actionnetwork.org/groups/liliana-peinder-for-huntsville-city-council
Robert Hunter,Alabama,State,Alabama State House District 28,Dem,"Metro Etowah county in  Alabama, big cities are Gadsden, Rainbow city, and Attalla","1 Cap the Rent 
2 Make electric power affordable 
3 Medicaid Expansion 
",Www.vote4roberthunter.com,Got to the link and sign up. https://docs.google.com/forms/u/1/d/e/1FAIpQLSegWg8c08ywBm2U_owhQxvkf6VOe_uuArAKM4fqL_eE3dIezw/viewform?usp=send_form
WILL BOYD FOR GOVERNOR,ALABAMA,State,GOVERNOR,DEMOCRATIC,STATEWIDE,FIGHTING FOR OUR VOTING RIGHTS. EDUCATION. HEALTHCARE. ECONOMICS.,https://drwillboyd.com,willboyd4alabama@gmail.com - https://drwillboyd.com/join-us
Tom Begich,Alaska,State,Alaska Governor,Democrat,Alaska,1. Lower Everyday Costs 2. Improve Education 3. Get our fair share for our resources,Tombegichforalaska.com,https://docs.google.com/forms/d/e/1FAIpQLSejZPEJD7sTtxVBTD5zLuK0TkLayeQexfe-ODpZ3tjRBQlcIA/viewform
Nina Petrov,Alaska,State,Alaska State Senate District M,Democratic,"Anchorage area, including midtown and surrounding neighborhoods in Anchorage Municipality","fuck trump, fuck ice, fuck Stephen miller... 1 Alaska talks about resource wealth while basic services fluctuate year to year stabilize revenues so schools and infrastructure aren’t constantly on the chopping block. 2 We also need a serious long-term energy strategy that balances oil dependence with renewable investment instead of reacting to market swings. And I’m not ignoring national politics 3 I support stronger federal ethics enforcement and continued accountability efforts involving figures like Donald Trump.",https://www.petrovAK4us.org,https://www.petrovAK4us.org
Meleah Gretzmier,AR,Local,Benton County Quorum Court Justice of the Peace District 13,Democratic,"I am located in Northwest Arkansas! My district is just outside of Bentonville, AR. It is compromised of Cave Springs, Highfill, Gentry, Siloam Springs, and surrounding rural spaces.","1. Criminal Justice Reform; rehabilitate, not incarcerate
2. Infrastructure; responsible and transparent growth without growing pains 
3. Affordability; people should have access to affordable housing ",MelForArkansas.com,https://docs.google.com/forms/d/e/1FAIpQLSfTVZNJNnDf_-1iBB3jlJNX2xIg7Px4TcrJvOfmCIA6gn1yxg/viewform
Kyle Clayton,Arizona,Local,State Senate District 27,Democrat,"South Peoria, Northwest Glendale, North Central Phoenix. Arrowhead Mall, Westgate, Downtown Peoria","1. Protect PUBLIC Education  2. Lower housing, healthcare, & energy costs  3. Make Government spending accountable to the people to ensure it helps improve their lives",https://www.kyleforarizona.com/,https://www.kyleforarizona.com/join-us
Ms Zoe Kaplan,Arizona,State,Arizona Corporation Commission,Democratic Party,"Statewide race across Arizona, with major population centers in Phoenix, Tucson, and surrounding metro areas","1- Utility regulation isn’t abstract rate hikes are outpacing wages; push for stricter oversight of monopolies and transparent pricing
2- Accelerate grid modernization so extreme heat doesn’t translate into outages or price spikes
3- Take on “regulatory capture” directly limit utility influence in elections and decision-making bodies","x.com/kaplan4az
www.kaplanAZ4us.org",x.com/kaplan4az
Marc Graham,Arizona,State,Arizona House of Representitives District 28,"Democrat
",Northwest Phoenix,"1. Enshrine our voting rights.
2. Fair tax base
3. End School Voucher abuse.",marc@marcgrahamforaz.com,Please email me at marc@marcgrahamforaz.com
Marcus Delgado,Arizona,Federal,"U.S. House of Reps, Arizona’s 6th Congressional District",Democratic Party,Southeastern Arizona including parts of Tucson and surrounding communities in Pima County,"Secure water resources & drought solutions
Expand access to affordable healthcare
Protect voting rights, tax the rich","Secure water resources & drought solutions, expand access to affordable healthcare,
https://www.delgadoforaz6.com",https://www.delgadoforaz6.com
Sarah Bacon,California,Federal,"United States Representative, District 24 (CA)",Democratic Party,Ventura to San Luis Obispo.,"1. Fight corruption & fix Congress
2. Lower costs & invest in people
3. Defend rights & human dignity",www.sarahbacon.com,www.sarahbacon.com/volunteer
Joel Lava,California,Federal,CA 30 Congress,Democrat,Hollywood/Burbank/Glendale/Silverlake/Los Feliz,"1. Impeach Trump
2. Affordable Housing
3. Universal Healthcare

This hurts bc i want to focus on bringing film back to LA, fight gun violence, and support publicly financed elections!",https://www.joellavaforcongress.com,https://www.joellavaforcongress.com/volunteer
Marianne Shamma,California,Federal,U.S. House California District 36,Democratic,"Mainly West LA, And Most Beach LA Area Beach Cities From Santa Monica down to San Pedro","Marianne's three top priorities:

1) End the Genocide in Gaza:
The International Association of Genocide Scholars published a report in Sep 2025 declaring that Israel was committing a genocide. It continues to this day. Incumbent Ted Lieu and most US Reps are complicit by voting to spend taxpayer dollars on the weapons used to make this all possible. Marianne will speak out and vote against this.

2) Abolish ICE:
Billions of dollars spent to harass thousands of upstanding citizens. Our immigration system is broken and cruel by design. Marianne will speak out and vote against this.

3) Healthcare for All:
Health care is a human right, not a privilege. Marianne will be a strong voice and another vote for Medicare-for-All and single-payer.

The billions/trillions of dollars we tax-payers pay for our elected officials to perpetuate cruelty, brutality, and mass-death needs to end. The money we taxpayers spend on these projects needs to be put to programs that promote our well-being, programs that we deserve: healthcare for all, climate justice, housing security. These programs will bring transformational change to every human being in the country. Better health, decreased stress, increased happiness.",https://mariannehumanityfirst.com,https://www.mariannehumanityfirst.com/contact
Esther Kim-Varet,California,Federal,House of Representatives - ca 40,Democrat,Orange County and Riverside,1) Fight authoritarianism 2) Fight corruption 3) term limits,Estherforcongress.org,Estherforcongress.org/volunteer
Jaron Brandon,California,State,State Senate District 4,Democratic,"It covers thirteen counties which includes half of the Sierra Nevadas, like Yosemite, the east side like Death Valley,  and parts of the Central Valley.","1. Protect forests from wildfire
2. Build affordable housing
3. Save and improve healthcare and schools",Www.votejaron.com,https://votejaron.com/volunteer/
Michael Masuda,California,Federal,California Congress District 5,Democrat,Central Valley California / Stanislaus county / Tuolumne County/ Amador County / Madera and Mariposa County,Protecting immigrant families. Lowering costs & addressing the housing crisis. Investing in local communities.,https://www.votemasuda.com/,https://actionnetwork.org/forms/volunteer-for-masuda-for-congress?source=direct_link&
Sofia Alvarez,California,State,Cali State Senate District 12,Democratic Party,Southern SF,"Expand community health clinics in underserved areas instead of relying on ER care
Invest in water reuse + drought-resistant infrastructure as long-term policy, not emergency response
Create apprenticeship pipelines tied directly to local employers (construction, solar, healthcare)","Instagram alvarez4nm12
",https://www.alvarezNM4us.org/volunteer
Javier Soto,California,Local,Los Angeles City Council District 14,Democratic Party,"NE Los Angeles, including Boyle Heights, El Sereno, and parts of Downtown LA","fire prevention/ raking forest, the city keeps approving luxury units while calling it “housing progress” so we need binding affordability requirements, not suggestions
We need to end the practice of sweeping encampments without offering real, permanent housing solutions. If Washington won’t act, cities should still push for aggressive climate standards—LA can lead on zero-emission transit. fuck ICE",insta https://www.instagram.com/soto4la14 and https://www.sotoCA4us.org,insta https://www.instagram.com/soto4la14 and https://www.sotoCA4us.org
Nicolas Carjuzaa,California,Federal,California’s 8th congressional district seat,Democrat,"Richmond, Fairfield, Vallejo, Vacaville",1. Fight government corruption. 2. Affordable Housing for All. 3. Universal Healthcare.,Carjuzaaforcongress.org,Email: info@carjuzaaforcongress.org
Faizah Malik,California,Local,Council District 11,Democratic Party,Westside of Los Angeles,"1. Get people housed, keep people housed 
2. Fund our Neighborhoods 
3. Honest leaderships that follows through 
4. Meet the moment on civil rights ",www.Faizahforla.com,"Email info@faizahforla.com, or signup on https://luma.com/faizahforla"
Jessica LaGosh,California,State,CA Governor,Independent running as a Democrat,Not Applicable for Governor (the whole state of California),"1. Free Healthcare
2. Statewide Rent Control and End to Homelessness
3. Hold the Justice System Accountable",www.jessicalagoshforgovernor.com,https://www.jessicalagoshforgovernor.com/#Join%20the%20Movement
Jason Byors,California,State,CA Assembly District 47,Democrat,"Inland Empire, Coachella Valley","1) affordability and access to healthcare
2) human rights and civil rights
3) economy that works for all",jasonbyors.com,jasonbyors.com/volunteer
Randy Villegas & Jasmeet Bains,California,Federal,Federal house 22nd district,Democratic,Bakersfield,End corruption-benefits for the people-more subsidies to the peopel (instead of more cuts),https://www.villegasforcongress.com/  https://www.drjasmeetbains.com/,https://www.drjasmeetbains.com/
Randy Villegas & Jasmeet Bains,California,Federal,Federal house 22nd district,Democratic,Bakersfield,End corruption-benefits for the people-more subsidies to the peopel (instead of more cuts),https://www.villegasforcongress.com/  https://www.drjasmeetbains.com/,https://www.drjasmeetbains.com/
Hunter Garcia Miranda,California,Federal,US House of Representatives for California’s 47th District,Democratic,Southern California in Orange County,"1. Money out of politics
2. Break up monopolies
3. End forever wars and stop funding genocide",huntermiranda2026.com,https://huntermiranda2026.com/Volunteer/
Vic Meyers,Colorado,State,State House Dist 47,Democratic Party,"Baca, Bent, Crowley, Huerfano, Kiowa, Otero, Prowers, Las Animas counties and Pueblo West in Pueblo County","Protect Democracy, Stronger Public Schools, Fight Surveillance State",Vic4hd47.com,On website is best place
Noah Klein,Colorado,State,Colorado State Senate District 19,Democratic Party,Northern Denver metro,"Universal pre-K expansion
Lower healthcare costs
Clean energy transition jobs, limit ai data centers ","Instagram: https://www.instagram.com/klein4co19
Twitter (X): https://x.com/klein4co19",Dm me on X
Santiago Velasquez,Colorado,Local,Denver City Council District 9,Democratic Party,"North and northeast Denver including Five Points, Globeville, and Elyria-Swansea","No data centers, Development deals should come with community ownership stakes, not just promises that never materialize. Why are we still ticketing people into debt for minor infractions, overhaul municipal fines system. Expand bus rapid transit corridors now, not in another 10 year plan",https://x.com/velasquez4den9,https://x.com/velasquez4den9
Isaac Romero,Colorado,Federal,"U.S. House of Representatives, Colorado’s 8th Congressional District",Democratic Party,"North Denver suburbs, Thornton, Northglenn, Commerce City, and surrounding Adams/Weld County areas","ICE OUT     1. The cost of living keeps rising faster than wages in the Front Range, so I’m pushing for federal policies that directly tie wage growth to inflation and productivity instead of leaving workers behind. We also need to confront how fragmented our healthcare system is expand a public option that actually competes on price and coverage.",https://www.romeroCO4us.org,https://www.romeroCO4us.org/volunteer
Andrew Rice,Connecticut,Federal,Third Congressional District,Democratic,Greater New Haven Area,Medicare for All. Abolish ICE. Free Palestine,Www.riceforct.com,Volunteers@riceforct.com
Ruth Fortune,Connecticut,Federal,"US Congress, District 1",Democrat,Greater Hartford area,"$25/minimum wage tied to inflation, formerly undocumented Black woman fighting to protect immigrants and for immigration reform,",www.ruthfortuneforcongress.com,https://www.ruthfortuneforcongress.com/#volunteer
Joseph Perez-Caputo,Connecticut- 04,Federal,House of Representatives CT04,Democrat,"Connecticut, lower left (tail)","Affordability, accountability, anti-establishment action
Universal healthcare
Impeaching/treason charges 
Anti-ice free Palestine",https://allmylinks.com/joseph-perez-caputo,JPCforCT04@gmail.com
Kira Alejandro,Delaware,Local,New Castle County Council District 3,Democrat,"Pike Creek, Hockessin, Yorklyn, North Star & Some of Newark",1. Responsible Land Use & Development 2. Strong Community Engagement 3. Affordability,Kiraforcouncil.com,https://www.kiraforcouncil.com/get-involved
Dylana Galery,Florida,Local,City Council,Non-Partisan Race: Registered Democrat,Palm Coast,"	•	Smart, well-planned growth
	•	Transparent leadership & accountability
	•	Affordable utilities & stronger infrastructure",dylanagalery.com,https://form.jotform.com/260633207767056
Yen Bailey,Florida,Federal,Florida U. S. Congressional District 2,Democratic,Central part of the Florida Panhandle including Tallahassee,"1. Universal healthcare and affordable housing,  2. Money and corruption out of politics,  3. Accessible constituent services",Www.YenBaileyforCongress.com,https://yenbaileyforcongress.com/get-involved/
Veronica Powell-Faison,Florida,Local,Clay County School Board District 5,"I am a Democrat. Although the election is non-partisan, many of the current members are supported by the GOP.","Green Cove Springs, Lake Asbury, Middleburg","1. Safe and focused learning environments 
2. Support/retain quality teachers
3. Responsible use of taxpayer dollars",V4CCSB.ORG,https://www.v4ccsb.org/contact
Phil Ehr,Florida,Federal,Florida’s 28th Congressional District,Democrat,"Southwest Miami, all the way down to Key West","• Fix the insurance and affordability crises
• Crack down on corruption
• Protect the Everglades/environment and stop reckless overdevelopment ",EhrforCongress.us,"https://ehrforcongress.us/ volunteer form is right at the top of the page or for a direct human interaction, Velma Hernandez at velma@ehrforcongress.us"
Marialana Kinter,Florida,Federal,U.S. House of Representatives FL-07,Democrat,"Seminole County, Southern Half of Volusia (Port Orange, New Smyrna, Deltona, Lake Helen, Orange City)","Money out of Politics, Veterans Benefits / No wars, Cost of Living & Workers rights",KinterForCongress.com,https://www.kinterforcongress.com/volunteer
Malik Johnson,Georgia,Local,County Democratic Party Chairman,"Democratic Socialists of America, Democrat","East Atlanta including Edgewood, Kirkwood","Generational leadership Change in the democrat party, Georgia and beyond, but policy wise- Rent stabilization & tenant protections, community-based public safety (no more police city, or ever again), expanding public transit access",x.com/johnsonThaDon5,x.com/johnsonThaDon5
Elfreda Desvignes,Georgia,State,Georgia State Senate,Democratic,Cobb and South Fulton,"Housing Affordability & StabilitySenior Homeownership ProtectionLocal Control over Gold Dome"" Mandates.",Www.elfredadesvignes.com,contact us@elfredadesvignes.com
Imani Okafor,Georgia,State,Georgia Public Service Commission District 3,Democratic Party,"Statewide district covering much of metro Atlanta and central Georgia, including Fulton, DeKalb,","1- Georgia families are paying for utility decisions they didn’t make rate structures should reward conservation, not punish it. 
2- I’m pushing for binding timelines on transitioning to renewables so it’s not just long-term promises with no enforcement. 
3- And I’m focused on transparency  if regulators meet with utility executives, the public should know when, why, and what was discussed.",https://www.okaforGA4us.org,https://www.okaforGA4us.org/volunteer
Phedra PT Thomas,Georgia,Local,County Commissioner,Democrat,District 4 ( Henry County),"Community over chaos. I want residents to be heard, accountability",Www.vote4phedra.com,Mrsphedra@gmail.com
Evan Castillo,Idaho,State,Idaho House of Representatives District 16A,Democratic Party,"Boise area, including West Boise and parts of Ada County","1- Idaho’s growth is outpacing planning lock in impact fees so new development actually pays for roads, schools, and utilities
2- Protect access to reproductive healthcare at the state level instead of outsourcing decisions entirely to shifting federal policy
3- Build out water conservation standards now (tiered pricing, reuse incentives) before shortages force reactive restrictions",https://www.instagram.com/castillo4id16,dm me https://www.instagram.com/castillo4id16
Valerie Wade,Idaho,State,State Senate District 2,Democrats,"The eastern side of Coeur d’Alene Lake, olive Shoshone County all of Baniwa County top part of Clearwater County northern part of spirit Lake in Bonner County and Lakeview nearPend Oreille Lake.","My top priorities are to protect public lands, fund education, and support Medicaid expansion.",ValerieWadeforIdaho.com,Please send us an e-mail: ValerieWadeforIdaho@gmail.com
Andreel Patel,Illinois,Local,Chicago City Council Ward 32,Democratic Party,"Northwest Chicago neighborhoods including Logan Square, Avondale, and parts of Bucktown","like rubber-stamping luxury developments—require real affordability or deny permits
Chicago can’t claim fiscal responsibility while handing out unchecked corporate subsidies; enforce strict ROI and clawbacks
Local government should not stay silent on national issues like support federal ethics reform and accountability, including scrutiny of figures like sicko Trump and his enablers ",https://www.patelIL4us.org,https://www.patelIL4us.org
Lindsay Gramlich,Indiana,State,Indiana House of Representatives District 39,Democrat,Carmel and Westfield- Indiana,"Fully funded public schools 
Affordable and accessible childcare 
Women and girls healthcare access (and fundamental human rights)
Lowering utility, healthcare, and housing costs ",Www.lindsaygramlich.com,https://www.lindsaygramlich.com/get-involved
Tabitha Zeigler,Indiana,Federal,U.S. House of Representatives District 08 (Indiana),Democrat,"District 8 - Terre Haute, Vincennes, Evansville",Anti-corruption.  Integrity.  Domestic Violence.  Human Trafficking.  Child Exploitation.  Autism/Neurodiversity/Disability.  LGBTQIA+2S.  Environment.  Farming.  No Data Centers.,https://tabithazeiglerforcongress.com/,info@tabithazeiglerforcongress.com
Racheal Bleicher,Indiana,State,"Representative, House District 24",Democrat,Westfield/Sheridan/West Carmel/East Zionsville,"1. Use tax dollars effectively to invest in Indiana
2. Protect public schools
3. Listen, engage and be a voice for our community",www.rachealforindiana.com,https://www.rachealforindiana.com/#Volunteer
Nate for 38 (Nate Stout),Indiana,State,State representative,Democrat,"All of Tipton and Carroll County, most of Clinton County, and some of Cass, Tippecanoe, and Western Howard Counties.",1 Fully restoring public education 2 accessible and affordable rural health care 3 money out of politics,https://hoosierstoelectnatestout.com/,https://forms.gle/fLZL9uko4a3VSfZt8
Stephanie Jo Yocum,Indiana,State,"IN State Representative, D88",Dem,"Geist area of Marion County and Hamilton County, McCordsville, Fortville, Buck Creek, Mt Comfort area of Hancock County, Ingalls and surrounding area of Madison County","Protect your money, Protect your schools, Protect your voice and freedoms. People over politics!",Stephaniejoyocum.com,Stephaniejoyocum.com/volunteer
Victoria Martz,Indiana,State,Statehouse Representative District 55,Democrat,"Southeastern Indiana (Brookville, Metamora, Connersville, Batesville, Liberty, Greensburg, Rush)",1. Fully Fund Public Schools 2. Affordable Childcare 3. Raise the Wage,votevictoriamartz.org,https://votevictoriamartz.org/contact-2/
Julie McGill,Indiana,State,IN State Senate District 15,Democrat,"**Fort Wayne** (46805, 46815, east-side 46818, 46825, 46835, 46845), **Huntertown**, **Leo-Cedarville**, and a small piece of **NW New Haven**, all located inside of Allen County.","1. Healthcare 
2. Accountability/Transparency in Government
3. Better Economical choices - programs with fed match vs corporate giveaways","www.mcgillforindiana.com 
Facebook.com/mcgillforindiana",https://mcgillforindiana.com/volunteer
Leila Staton,Iowa,State,Iowa House of Representatives District 54,Democrat,"Hardin County, Grundy County, Western Black Hawk County","•Clean Water 
•Fund Public Education/Repeal Private School Vouchers
•Protect local farms>Corporate Agribusiness",leilaforiowa.com,leilaforiowa.com/volunteer  OR email team@leilaforiowa.com
Leila Staton,Iowa,State,Iowa House of Representatives District 54,Democrat,"Hardin County, Grundy County, Western Black Hawk County","•Clean water
•Fund Public Education & repeal private school vouchers
•Protect local farms>corporate agribusiness",leilaforiowa.com,"https://docs.google.com/forms/d/e/1FAIpQLSebBzricpl5rFScrXZblVaXLg9Iqjaim5nnfpZRvhGH1SG0-Q/viewform

OR email team@leilaforiowa.com"
Sarah Prdu,Kansas,Federal,US House - Kansas district 3,Democrat,"Johnson county, KS; Miami County, KS; Anderson County, KS; Franklin County, KS; Southern Wyandotte County, KS",1. Universal healthcare 2. End ICE. 3.Arms embargo to Israel,SarahPreu2026.com,https://www.sarahpreu2026.com/#volunteer
Anne Parelkar,Kansas,Federal,United States Senate,Democrat,Statewide,1. Medicare for All 2. Overturn Citizens United 3. Break up monopolies & stop Big Tech oligarchs,https://www.anneforkansas.com/,https://anneforkansas.nationbuilder.com/volunteer
Brandon Pierce,Kansas,State,Kansas State Senate District 6,Democrat,"Northeast Kansas, including Kansas City (KS side), Bonner Springs, and surrounding Wyandotte County communities",I strongly support continued scrutiny and investigations involving figures like Donald Trump.. We keep calling workforce shortages a mystery while underfunding schools and pushing people out of the state reverse that trend by actually investing in education and wages. Medicaid expansion isn’t theoretical here; it’s the difference between open and closed hospitals.,https://www.pierceKS4us.info X: https://x.com/pierce4ks6,https://www.pierceKS4us.info X: https://x.com/pierce4ks6
William Compton,Kentucky,Federal,US House KY-02,Democratic,"Middle of Kentucky. It starts in Bowling Green and travels up I-65 towards eastern Jefferson county (Eastern side of Louisville), then on the left is a straight diagonal to Owensboro with the 2 counties below it included.",1. Progressive policies like Medicare for all. 2. Get money out of politics. 3. Fully fund our public schools,Www.williamcompton.com,You can email the campaign at williamcompton4ky@gmail.com or scroll to the bottom of home page on website and fill the information out.
Caleb Whitaker,Kentucky,State,Kentucky House of Representatives District 33,Democratic Party,Louisville area,"1- The state keeps underfunding pensions and then acting surprised when systems strain. Fix the math and commit to it long term
2- Public safety should include violence interruption programs, not just more patrols
3- Also, legalize sports betting revenue for schools… wait we already did that, so where is the money actually going",https://www.whitakerky4us.org/,https://www.whitakerky4us.org/volunteer
Darius Fields,Louisiana,Local,New Orleans City Council District B,Democratic Party,"Uptown New Orleans, including neighborhoods along the Mississippi River and parts of Central City","The city keeps talking about resilience while entire neighborhoods still flood during routine storms, so I’m focused on aggressive drainage upgrades and accountability for where infrastructure money actually goes. At the same time, we need to stop approving short-term rentals that hollow out communities and drive up rent for longtime residents. And yes, even at the local level, I support investigations into Trump and his cabinet.","Twitter (X): https://x.com/fields4nolaB
Website: https://www.fieldsLA4us.info","Twitter (X): https://x.com/fields4nolaB
Website: https://www.fieldsLA4us.info"
Paige Loud,Maine,Federal,US House Congressional District 2,Democrat,95% of the land mass in Maine (Jared Golden's seat),1. Money out of politics 2. Universal healthcare 3. Housing first solutions,loudforcongress.com,https://docs.google.com/forms/d/e/1FAIpQLScVykkX0VEjXT8-xCepWFLbYVcqMShtPFnyXCB3zDf-K13z3A/viewform
Evan McLeod,Maine,State,Maine State Senate District 5,please help me get in touch with Platner!! Democratic Party,"Northern Maine including Presque Isle, Caribou, and surrounding Aroostook County communities",Rural economies are being treated like afterthoughts. Invest in local agriculture processing and keep jobs in-state. Let’s expand  telehealth infrastructure because long drives for basic care are not sustainable up here also fix the damn roads every winter its the same thing,https://www.mcleodme4us.info/,https://www.mcleodme4us.info/join
Imani Okafor,Maryland,State,Maryland House of Delegates District 24,Democratic Party,"Prince George’s County including parts of Hyattsville, Landover, and surrounding communities","1 School construction keeps getting delayed while costs go up, we need a dedicated funding stream that cannot be raided 2 Ban medical debt from being reported on credit reports statewide and 3 expand childcare subsidies so people can actually go back to work",https://www.okaformd4us.org/,https://www.okaformd4us.org/volunteer
Harry Jarin,Maryland,Federal,"US House of Representatives, Maryland's 5th District",Democrat,"Southern Maryland: Prince George's County, Anne Arundel County, Charles County, Calvert County, and St. Mary's County","1. No corporate PAC money / anti-corruption reform; 2. Universal healthcare + childcare; 3. Build more: transit, housing, clean energy",harrymd5.com,https://www.harrymd5.com/contact
Aaliyah Rahman,Maryland,Local,Prince George’s County Council District 5,Democratic Party,"Central Prince George’s County, including Capitol Heights, Seat Pleasant just east of Washington, D.C!","County budgets keep growing, but residents aren’t seeing proportional improvements in services 1 that wealth gap is where I’m focused. 2 We need to align development approvals with school capacity and infrastructure so growth doesn’t overwhelm existing communities. And I’m not separating local leadership from national responsibility. Last 3 lets make sure we impeach Trump.",https://www.rahmanMD4us.org,https://www.rahmanMD4us.org/volunteer
Leigha Messick,Maryland,Federal,House of Representatives,Democrat,"Charles, Prince George’s, Calvert, Saint Mary’s, Anne Arundel.","Abolish ICE, Healthcare for all, mental healthcare infrastructure, no PAC money, Term Limits, Ranked Choice Voting, Money out of politics.",LeighaForCongress.com,https://leighaforcongress.com/volunteer
Randi White,Maryland,Federal,Us House of Representatives-MD-01,Democrat,Maryland’s Eastern Shore plus Harford County & the Northeast sliver of Baltimore County,"The big  3 issues in our district, after listening are healthcare access, education, and the cost of living (working on access to better jobs, better wages, and attainable housing).",Randiformd.com,https://randiformd.com/volunteer
Bobby LaPin,Maryland,State,MD Senate,Dems I think - I’m not Bobby,Baltimore,Unseat Bill - for me,Bobbyforbaltimore.com,"I’m not Bobby, but hes critical to unseat our “Schumer” Bill Ferguson"
Jakeya Johnson,Maryland,Federal,US House MD 04,Dem,"The vast majority of Prince George's County plus parts of Silver Spring,  Burtonsville, and Spencerville","- money & corporate influence out of politics 
-policies the materially improve the lives of everyday people 
-ending government corruption ",Jakeyajohnson.com,https://actionnetwork.org/forms/ready-to-get-your-hands-dirty?source=direct_link&
Dr. Mariah Lancaster,Massachusetts,Federal,"U.S. House of Representatives, MA-06",Democrat,"Northeast MA, north of Boston","1. Universal Healthcare & Childcare
2. Countercorruption/anti-trust
3. Clean energy revolution",www.MariahLancaster.com,Email Volunteer@MariahLancaster.com
Craig Swallow,Massachusetts,Federal,U.S. House of Representatives,Democratic,MA-09,1.) Medicare for All 2.) Ban Congressional Stock Trading & Overturn Citizens United 3.) Term Limits for Congress and Supreme Court,www.craigswallowforcongreess.com,Volunteer@craigswallowforcongress.com & https://survey123.arcgis.com/share/a26469f7d02548df82e6d3f4e3ea484a?portalUrl=https://jkvilhaug.maps.arcgis.com
Andrew Fitch,Massachusetts,State,MA House of Representatives 1st Berkshire District,Democrat,"Adams
Cheshire
Clarksburg
Florida
Hancock
Hinsdale
Lanesborough
New Ashford
North Adams
Peru
Savoy
Williamstown
Windsor","Economic Opportunity, Affordability, Regional Collaboration",www.andrewfitch.org,https://www.andrewfitch.org/volunteer
Kofi Mensah Esq.,Massachusetts,State,Mass House of Representatives District 7,Democratic Party,"Boston area, including Roxbury, Dorchester, and nearby neighborhoods in Suffolk County","Fix the transit system so it actually runs on time and people can rely on it for work and school and cap the insane  rent increases annually and create a right to counsel for tenants facing eviction, stop the importation of wolves into ASPEN!!!!",https://x.com/mensah4ma7,https://www.mensahma4us.org/volunteer
Samantha O’Neill,Massachusetts,State,Massachusetts State Senate – Suffolk & Middlesex District,"
Democratic Party","Greater Boston area, parts of Cambridge, Somerville, and nearby communities just north of Boston","1 We keep calling it a “shortage” but it’s also speculation—tax vacant luxury units and reinvest into public housing
2 Expand commuter rail frequency to true regional transit (every 15–20 minutes), not just peak-hour service
3 Codify data privacy protections so companies can’t quietly sell or misuse personal information without consent",https://www.oneillMA4us.org,https://www.oneillMA4us.org/get-involved
Jordan Korgood,Massachusetts,State,MA Governor’s Council,Democratic,Boston + South Shore,"Improving judicial equity to steer MA away from mass incarceration. Emphasis of progressive values (racial equity, antirecidivism, rehabilitation, trans/immigrant/abortion/labor rights) in the courts. Appointing diverse judges from a wide range of backgrounds (particularly from underrepresented groups).",Jordanforgood.com,https://www.jordanforgood.com/get-involved
Avery Thompson,Michigan,State,Michigan House of Representatives District 45,Democratic Party,"Suburban Detroit area including Rochester Hills, Troy, and nearby communities in Oakland County","Lower prescription drug costs
Strengthen public schools funding
Expand clean energy jobs",https://www.averythompson45.com,https://www.averythompson45.com/volunteer
Tariq Mahmoud,Michigan,Local,Detroit City Council District 7,Democratic Party,"West Detroit, including neighborhoods like Brightmoor, Rosedale Park, and surrounding areas","1. END IRAN WAR 2. Detroit doesn’t have a lack of plans—it has a follow-through problem, so I’m focused on enforcing timelines and transparency for city-funded projects. 3. We also need to rethink property tax assessments that overvalue homes in certain neighborhoods while others go under-assessed.",https://www.mahmoudMI4us.info,https://www.mahmoudMI4us.info/get-involved
Katrina Manetta,Michigan,State,"State Representative, District 58",Democrat,"Shelby Township, Sterling Heights, Utica, and Warren","1. Get money out of politics, take on corporate/billionaire power, lower everyday costs
2. Strong unions, good-paying jobs, affordable college and skills training
3. Protect rights and democracy, stand up to extremism, defend the people at home and abroad",https://katrinamanetta.com/,https://www.mobilize.us/katrinamanetta/event/892052/
Joanna Whaley,Michigan,State,State House District 2,Democrat,South of Detroit,"Fighting utility monopolies, single-payer healthcare and civil rights.",www.joannawhaley.com,www.joannawhaley.com/volunteer
Chris Gilmer-Hill,Michigan,State,Michigan State House District 8,Democrat,North Detroit and the inner ring suburbs of Pleasant Ridge and Ferndale,"1. Money out of politics! Chris is not taking any corporate money, and fights against data centers and our corporate power monopoly for a living; 2. Invest in Communities, not corporations: Tax the rich and corporations to fund the goods and services we need to thrive like transit, education, and affordable housing; 3. True Affordability: that means fighting against rate hikes for our energy,  and fighting for affordable and clean water, universal healthcare and childcare, etc.",chrisgilmerhill.com,chrisgilmerhill.com/volunteer
Doug Chapin,Minnesota,State,MN-06 (House of representatives),Democratic,"Blaine, Otsego (Outside of Minneapolis)","1. He will replace Tom Emmer (Minority whip in the house) 
2. Advocate for election reform
3. He doesn't take AIPAC money",Home | Doug Chapin for Congress https://share.google/ucyNKzF0ewg2uiKBb,Home | Doug Chapin for Congress https://share.google/ucyNKzF0ewg2uiKBb
Hannah Goldstein,Minnesota,State,Minnesota House of Representatives District 61B,Democratic Party!,"Minneapolis area, including downtown and nearby neighborhoods along the Mississippi River","1)Rework zoning laws to actually allow missing-middle housing (duplexes/triplexes) in high-demand areas
2)Stop cost-shifting in healthcare—cap out-of-pocket insulin and expand state bargaining power
3)Invest in climate-resilient infrastructure (flood mitigation, heat response) instead of reactive spending",instagram.com/goldstein61b,instagram.com/goldstein61b
Jeffrey Hulum III for Congress,Mississippi,Federal,US House of Representatives,Democrat,South Mississippi,"- A better quality of life for working families 
- Honest and transparent government
- Standing up for veterans and national guard families ",Jeffreyhulumiiiforcongress.com,https://www.jeffreyhulumiiiforcongress.com/join/#volunteer
Tyrell Boone,Missouri,Local,St. Louis Board of Aldermen Ward 8,"Democratic Party, trying to get more lines","North St. Louis neighborhoods including Walnut Park, Baden","end the republican majority, land bank reform so vacant properties actually get redeveloped, not speculated on... tie city tax incentives to local hiring + enforce clawbacks when promises aren’t met and most importantly treat gun violence as a public health issue w data tracking, intervention programs, hospital partnerships!",none yet,txt me
Jordan Herrera,Missouri,Federal,House of Representatives Congressional District four,Democrat,Kansas City through mid Missouri,"1. Economic stability – that each American can afford a home, healthcare education, and groceries on one job.
2. A strong, smart military - we need a smarter and stronger military, not a more expensive one.
3. Freedom and privacy – it is my belief that the government should not be involved in the decision decisions between a patient and provider, who you say I love you too, who you marry, and it’s time we fight for digital privacy and biometric rights.
4. Smart investments in our future - putting investment into American jobs first and focusing on fixing broken systems.",Jordanjherrera.com,Go to my campaign website and click on the volunteer icon.
Alani Bankhead,Montana,Federal,US Senate,Dem,State wide,1. Hold govt accountable 2. Make America affordable 3. Protect the vulnerable,www.alaniformt.com,Info@alanibankheadforsenate.com
Elijah Patrick Winters,Montana,State,Montana House of Representatives District 98,Democratic Socialists of America,"Missoula area, including the city and nearby rural communities in western MT ( I need help door knocking in the rural parts!! )
","Housing isn’t “tight,” it’s artificially constrained—legalize multifamily statewide and tax vacant second homes. I  support federal accountability measures, including backing efforts to impeach Donald Trump for abuses of power and rural healthcare is collapsing; we need state-backed clinics + incentives that actually keep doctors in Montana (hello JD Vance?)","https://www.wintersMT4us.org
",https://www.wintersMT4us.org/volunteer
Melissa Smith,Montana,State,State House District 39,Democrat,"Billings, Heights area east of Main",1 affordable healthcare and mental healthcare 2 public education funding 3 fair taxes,Smithformontana.com,Smithfirmontana.com/get-involved
Luis Ortega,Nevada,Federal,"U.S. House of Representatives, Nevada’s 3rd Congressional District",Democratic Party,"Southern Nevada suburbs including Henderson, Boulder City, and parts of the Las Vegas metro area","1 Cap credit card interest rates nationally and enforce it
2 Water policy in the Southwest is broken.                      3 Renegotiate allocations and invest in reuse tech now honestly the airport situation here is a mess too",https://www.instagram.com/ortega4nv3,https://www.orteganv4us.org/volunteer
Luis Ortega,Nevada,Federal,"U.S. House of Representatives, Nevada’s 3rd Congressional District",Democratic Party,"Southern Nevada suburbs including Henderson, Boulder City, and parts of the Las Vegas metro area","1 2 3 All ICE OUT ICE OUT ICE OUT.     1- Cap credit card interest rates nationally and enforce it
2- Water policy in the Southwest is broken. 3- Renegotiate allocations and invest in reuse tech now honestly the airport situation here is a mess too","Facebook: https://www.facebook.com/ortega4nv3
Website: https://www.ortegaNV4us.org",https://www.orteganv4us.org/volunteer
Victor Salgado,Nevada,Local,Reno City Council Ward 2,Democrat,"Central Reno, including Midtown, Wells Avenue corridor, and surrounding neighborhoods in Washoe County","Everyone agrees housing is expensive, but the city keeps approving projects that don’t include actual affordability requirements; that has to change. I’m also focused on water policy growth without long-term water planning is reckless in Nevada. And while this is a local race, I’m not pretending national politics dont matter.... I support stronger federal ethics laws and continued accountability efforts into this REGIME thats what it is a regime","Website: https://www.salgadoNV4us.info
Twitter (X): https://x.com/salgado4reno",https://www.salgadoNV4us.info/volunteer
Joy Hoover,Nevada,Federal,U.S. House of Representatives NV-01,Democrat,"Nevada’s First District: East Las Vegas, Downtown Las Vegas, Paradise, Henderson, Boulder City and beyond!",1.) Wealth tax to increase economic stability for the working class.  2.) Healthcare as a right. 3.) Impeaching Donald Trump on Day 1.,JoyForNV.com,https://www.joyfornv.com/volunteer
Camila Reyes,Nevada,Local,Clark County School Board District E,Democratic Party,"Las Vegas area, primarily in the eastern valley including Sunrise Manor","main: Increase teacher pay & retention
2 Smaller class sizes
3 More mental health resources for students",no website yet,n/a
Heath Howard,New Hampshire,Federal,NH-01(New Hampshire’s First Congressional District),Democrat,Southeastern New Hampshire,"1) I’m a Democratic Socialist (my policies align with Bernie Sanders, AOC, Zohran Mamdani, etc.) 2) Get money out of politics 3) Free Palestine",heathhowardnh.com,heathhowardnh.com/volunteer
Hope Moran,New Jersey,Local,Mayor,I am a progressive democrat for as an independent because the way politics is gatekept in our community. I would've never even been able to get the word out. There is a lot of corruption.,"Rahway, New Jersey","To stop the sale of our water utility to a corporation, to embed mental health in our police department, stop all pilot programs",HopeForRahway.com,https://hopeforrahway.com/#contact
Rachel Peace,New Jersey,Federal,House of Representatives NJ Congressional District 4,Democrats,Jersey Shore (Monmouth & Ocean County),"1.Healthcare !!!!  
2. Families & Women 
3. Expose & Eliminate Corruption ",Peace4shore.com,https://www.peace4shore.com/volunteer
John Hsu,New Jersey,Federal,US Congress NJ District 6,Democrat,"Middlesex and Monmouth Counties (New Brunswick, Edison, Hazlet, Asbury Park, Neptune, Union Beach, Rumson)","1.  Healthcare Not Bombs or Ice 
2. Ban Congressional Stock Trading and Citizens United
2.  Regulate AI and protect unions and working class",Www.johnshsuforcongress.com,https://docs.google.com/forms/d/e/1FAIpQLScOJibwE883T6XB6C2mbwxiaPusWRLGc_UfX7dmK83k1fBA-w/viewform
John Hsu,New Jersey,Federal,US Congress NJ District 6,Democrat,"Middlesex and Monmouth Counties (New Brunswick, Edison, Hazlet, Union Beach, Rumson, Asbury Park, Neptune, Woodbridge, Middletown, Perth Amboy)","1.  Healthcare not Bombs and ICE
2.  Regulate AI and protect the working class
4.  Ban Congressional Stock Trading and Citizens United",https://www.johnhsuforcongress.com/,https://www.mobilize.us/johnhsuforcongress/event/925914/?fbclid=PAVERFWARkul1leHRuA2FlbQIxMABzcnRjBmFwcF9pZA8xMjQwMjQ1NzQyODc0MTQAAafd54Zt0kwHKPf8FQGPkVGeArH9isV5RCPEB0SiGDQU5Tvor1x3EZiMJcN9_g_aem_dIvAgHv0ti0xwjYd56JudQ
Dr Rachel Kim,New Jersey,State,New Jersey General Assembly District 27,Democratic,"North Jersey suburbs including Montclair, Livingston, Essex/Morris County communities","1  Property taxes keep rising because we refuse to modernize school funding—fix the formula instead of shifting burdens town to town
2 Codify reproductive rights at the state level regardless of federal backsliding
3 Ban algorithmic rent-setting software that’s quietly driving up housing costs across the region","https://www.kimNJ27.info
I love your videos btw ",https://www.kimNJ27.info
Queen Johnson,New York,State,District 32,Democrat,Queens NY,1) Fighting for Affordability 2) Affordable Housing 3)Funding Public School,https://queenforqueens.com,contact@queenforqueens.com
Lukas Ventouras,New York,Federal,House of Representatives - NY-01,Democratic,"Western and Eastern Long Island - Huntington, Smithtown, Brookhaven, North and South Forks","1. Banning private equity firms  from owning housing stock. 
2. Universal Healthcare
3. Restoration of International Law ",https://lukasforcongress.com/,https://lukasforcongress.com/volunteer-form/
Gladys Flores Garcia,New York,State,Assembly District 133,"Democrat, and I am also running an independent line.","The district is in upstate NY.  It is mostly rural, and it includes the counties of: Livingston and parts of the County of Ontario, Wyoming, Steuben, and 1 town of Monroe County","Women's reproductive rights, fully funded, equitable education, Economic relief for working parents, solutions for our farmers, clean water, clean soil and clean produce",gladysfloresfornewyork.com,"email:  gladysfloresassembly133@gmail.com  
Facebook:   https://www.facebook.com/profile.php?id=61570724732343   

"
Grace Liu,New York,State,New York State Assembly District 40,Democratic Party,"Queens, Flushing, Murray Hill, and such","1) Albany passes housing frameworks but lets localities stall them out; enforce statewide compliance with real penalties
2) Expand language access across all state services if you can’t understand the system, you can’t access it
3) Invest in small business corridors with direct grants, not just tax incentives that larger firms capture
",https://www.liuNY4us.org,https://www.liuNY4us.org/volunteer
Joshua Bristol,New York,Federal,U.S. House of Representatives in NY CD 9,Democrats,"Brooklyn, crown heights, Flatbush, Midwood","Four day work week, workplace unionization, rent freeze.",JoshuaBristol.com,https://joshuabristol.com/#volunteer
Ashley Bell,North Carolina,Federal,U.S. House NC-10,Democrat,"Mid NC. Forsyth, Yadkin, Iredell, Catawba, Lincoln counties",1. Medicare for all 2. Accountability for current admin and ICE 3. Money out of politics,Ashleybellforcongress.com,Volunteer4AB.com
Priya Desai,North Carolina,State,North Carolina State Senate District 21,Democrat,Fayetteville area and parts of Cumberland County,"1 Raise teacher pay & invest in public schools
2 Expand Medicaid & rural healthcare access
3 Criminal justice reform & reentry support",https://www.priyadesaiNC21.com,https://www.priyadesaiNC21.com
Dr. Kimberly Hardy,North Carolina,Federal,US House of Representatives - Congressional District 7,Democrat,Fayetteville to Wilmington to Southport (8 counties total),"1. Protecting the right to vote
2. Better jobs, schools, and healthcare
3. Tax the rich",kimberlyhardyforcongress.com,https://www.kimberlyhardyforcongress.com/getinvolved
Park Inglefield,North Carolina,State,NC House of Representatives District 96,Democrat,"Northwestern part of Catawba County, including Hickory, Conover, & Mountain View","1. Livability 2. Fund what matters (schools, roads, water) 3. Do the work of the people, not special interests",Voteparknc.com,Email votepark.nc@gmail.com
Omar Haddad,Ohio,Federal,Ohio’s 11th Congressional District,Dem,"Cleveland area, including the city and inner-ring suburbs in Cuyahoga County","IMPEACH TRUMP!!!!, Break up regional monopolies in healthcare systems driving up costs in Northeast Ohio, federal jobs guarantee pilot focused on post-industrial cities, ban congressional stock trading + enforce real-time financial disclosures",Website: https://www.haddadOH11.info,https://www.haddadOH11.info/actblue
Don Leonard,Ohio,Federal,OH-15 Congressional,Democrat,Western Columbus,"Make the economy affordable, strengthen our safety nets, end MAGA chaos and corruption",donforohio.com,https://donforohio.com/volunteer
N’Kiyla ‘Jasmine’ Thomas,Oklahoma,Federal,United States Senate representing Oklahoma,Democrat,"Oklahoma City, Tulsa, Shawnee, Ardmore, Stillwater, Guthrie, Broken Bow, Durant, Lawton, Elk City, Lawton, Altus, Paul’s Valley, Bartlesville, Ponca City, Enid, Fairview, Woodward","Expanding healthcare coverage, education and disability services reform, people over party and profits",https://www.jasmineforok.com/,https://docs.google.com/forms/d/e/1FAIpQLSdjVzQbl9cRB1fNsO061PtfJW9aU2FQTDbn6Sdl1GaIpIbM7g/viewform?pli=1
Jeff Pixley,Oklahoma,Federal,"U.S. House, Oklahoma's 4th District",Democrat,"South OKC, Moore, Norman, Del City, Midwest City, Lawton, Ada, and Ardmore",1. Restore Congressional oversight and accountability over the President 2. Universal Healthcare. 3. Tax wealth. 4. Dignity and respect for every person.,Pixleyforcongress.com,Info@pixleyforcongress.com
Jessica Salas,Oregon,Federal,US House - District 3,Democrat (in name only),"East Portland, Gresham, Troutdale, Hood River, Mt. Hood Village, Estacada, Damascus, Happy Valley...","America can't afford billionaires, Working class protections, Civil service reform.",jsalfororegon.com,email: tellmemore@jsalfororegon.com
Virginia Stapleton,Oregon,State,Senate district 11,"Democrat, working families party",Salem Keizer Woodburn Gervais,"Housing, universal Healthcare, Public education",Electvirginiastapleton.com,vik@electvirginiastapleton.com or https://docs.google.com/forms/d/e/1FAIpQLSedhprqCFXXVbXD8qkmHS1tvh0UBI9FV46mZ4N81KzUD4RwIw/viewform?pli=1&authuser=0
Brittany Jones,Oregon,State,Governor,Democrat,Statewide,"1. Holding ICE accountable 2. Establishing my housing first plan 3. Auditing and reallocating money to healthcare, education, and housing.",https://bjfororegon.wixsite.com/bjfororegon,Email jones4oregon@gmail.com to be connected with the volunteer coordinator or sign up through the volunteer link in my linktree https://linktr.ee/JonesForOregon
Maya Chen,Oregon,State,Oregon State House District 43,Democratic Party,"Portland area,  northeast neighborhoods and parts of Multnomah County","We keep declaring housing emergencies but still block infill—legalize fourplexes statewide and streamline permits
Invest in wildfire prevention upfront (forest management + community buffers) instead of reactive disaster spending
Public safety reform should include both accountability and capacity rainy day fund behavioral health response teams alongside policing",https://www.chenOR4us.org,https://www.chenOR4us.org/volunteer
Maya Chen,Oregon,State,Oregon State House District 43,Democrat,"Portland area, including inner northeast neighborhoods and parts of Multnomah County"," We keep declaring housing emergencies but still block infill—legalize fourplexes statewide and streamline permits
* Invest in wildfire prevention upfront (forest management + community buffers) instead of reactive disaster spending
* Public safety reform should include both accountability and capacity fund behavioral health response teams alongside policing",https://www.chenor4us.org/,https://www.chenor4us.org/volunteer
DeShawn Carter II,Pennsylvania,Local,Philadelphia City Council At-Large,Democratic Party,"Citywide race across Philadelphia, including Center City, West Philly, and North Philadelphia neighborhoods","1- Safer communities without over-policing 2- affordable housing & tenant protections 3 invest in youth programs & job access
",https://www.carter4phl.com,https://www.carter4phl.com/join-us
Jess Branas,Pennsylvania,State,PA House of Representatives District 97,Democrat,"Lancaster County - Manheim Twp, East Lampeter, West Lampeter, Penn Manor, Conestoga Twp, Pequea Twp","Fully Funded Public Schools
Affordable and Reliable Healthcare
Raise the minimum wage and tie it to cost of living",jess4pa.com,Info@jess4pa.com
Beth Farnham,Pennsylvania,Federal,"U.S. House, Pennsylvania, District 13",Democratic,"South Central PA counties of Adams, Franklin, Fulton, Bedford, Cambria, Blair, Huntingdon, Mifflin, Juniata, Perry, and pieces of Cumberland & Somerset counties","1. Our precious Democracy, 2. Reproductive Freedom, 3. Affordability",www.bethfarnhamforcongress.com,https://bethfarnhamforcongress.com/welcome-volunteers/
Dante Russo,Rhode Island,Local,Providence City Council Ward 5,Democratic Party,"Providence’s East Side and nearby neighborhoods, including College Hill and Fox Point","1) Providence keeps approving development without aligning it to infrastructure capacity, so congestion and cost follow planning has to catch up to growth. 2) The city also leans too heavily on regressive fees instead of progressive revenue sources, and that needs to shift. 3) And I’m not interested in pretending local government exists in a vacuum when the GESTAPO IS IN OUR STREETS TERRORIZING US",https://www.russoRI4us.info,https://www.russoRI4us.info/get-involved
Virginia McLean,South Carolina,State,SC House District 36,Democrats,"Lyman, Wellford, Duncan, Startex, Reidville, and Greer","1. Public funds for public schools
2. Infrastructure for sustainable growth 
3. Equality for all SC",Www.vaforsc.com,Email Virginia at mcleanforsc@gmail.com or sign up for newsletter at the bottom of website homepage
Matt Fulmer,South Carolina,Federal,SC 01 - (US House),Democrat,"SC01 is basically the southern Half of SC’s coastline. We have all of Berkeley County and all of Beaufort County, with a strip of coastline that connects them. We also have some of the Summerville area of Dorchester. Our Charleston County area’s include: Mt. Pleasant. Isle of Palms. Sullivan’s Island. James Island. Johns Island. McClellanville. Awendaw. Seabrook. Kiawah. Edisto.",1. Universal Healthcare 2. Fair-Share Tax Reform 3. Campaign Finance Reform,https://www.fulmerforcongress.com/,https://www.fulmerforcongress.com/volunteer
Matt Fulmer,South Carolina,Federal,SC 01 - (US House),Democrat,"SC01 is basically the southern Half of SC’s coastline. We have all of Berkeley County and all of Beaufort County, with a strip of coastline that connects them. We also have some of the Summerville area of Dorchester. Our Charleston County area’s include: Mt. Pleasant. Isle of Palms. Sullivan’s Island. James Island. Johns Island. McClellanville. Awendaw. Seabrook. Kiawah. Edisto.",1. Universal Healthcare 2. Fair-Share Tax Reform 3. Campaign Finance Reform,https://www.fulmerforcongress.com/,https://www.fulmerforcongress.com/volunteer
Frankland Watts,South Carolina,Local,Spartanburg County Council District 6,Progressive Democrat,"Spartanburg, South Carolina. District 6- Wellford, Lyman, Moore, East Spartanburg, Roebuck, Woodruff","Limitations on AI, Expanding Minority Protections, and Protecting Small Businesses",franklandwatts.org,https://franklandwatts.org/get-involved
Candace Schutt,South Carolina,State,SC State House of Representatives district 2,Democrat,"Upstate SC, oconee county (Seneca, FairPlay)","Increase housing and healthcare affordability and access, infrastructure upgrades, protect women’s rights",Candaceforall.com,Candaceforall.com or email womengetschuttdone@gmail.com
Juni Lynch,South Carolina,State,SC State House District 1,Democratic,"Oconee and Pickens County (Westminster, long creek, mountain rest, Walhalla, Salem, six mile, newry, tamasse, Keowee key, holly springs, Albert Lewis, Mountain View)","Rural community revival 
Government that works for the people
Working families first ","Junilynch.com

facebook.com/juniforSCstatehousedistrict1","Email our campaign team at junidistrict1@gmail.con 
"
Keisha Bryant,South Carolina,State,South Carolina House of Representatives District 79,Democratic Party,"Columbia area, northeast Columbia and surrounding parts of Richland County","1- Stop underfunding public schools in fast-growing districts—update funding formulas to match real enrollment and need
2- Expand broadband access like it’s basic infrastructure, not a luxury (rural + urban gaps both matter here)
3- Maternal health outcomes in South Carolina are unacceptable—targeted funding, data transparency, and accountability","https://www.instagram.com/bryant4sc79
Website: https://www.bryantSC4us.org",https://www.bryantSC4us.org/volunteer
Mike Croley,Tennessee,Federal,TN6 until Bill Lee and the GOP change it,Democratic,"19 counties in Tennessee, including part of Davidson County.","1. Universal healthcare, 2. tax the rich. 3. Save the planet.",Croleyforcongress.com,https://croleyforcongress.com/sign-up-to-volunteer/
Cadence Collins,Tennessee,Local,"Knox County School Board, District 6",Democrat,"My district covers Karns, Hardin Valley, Solway, and Pleasant Ridge- will happily accept the help of volunteers all across Knox County/Knoxville, TN though","1. NO Vouchers; Fully Fund Public Schools 2. Support Educators with Better Pay & More Resources 3. Protect EVERY child’s right to a free, public education 4. No Book Bans- Freedom to Read",Cadenceforschoolboard.com,https://docs.google.com/forms/d/e/1FAIpQLSeOjBAgAxMbwDFMxDo5oyZ0Y5JDxNTYe1cQqckK566p_bjXjg/viewform
Mike Croley,Tennessee,Federal,US House representing Tennessee's 6th Congressional district,Democratic,"TN6, downtown Nashville all the way to Scott County, heavily gerrymandered by state GOP","Affordability Accessibility and Accountability, also to hell with AIPAC",CroleyforCongress.com,https://croleyforcongress.com/sign-up-to-volunteer/
Marquita Bradshaw,Tennessee,Federal,United States Senate,Democrat,The whole state of Tennessee all 95 counties.,"Economy that works for working people not billionaires and not dependent on fossil fuels  justly transitioning to a zero waste circular economy where workers get paid a living wage. 

Environment everyone deserves healthy and safe communities where they live , learn, work, worship, and recreate no matter your zip code everyone deserves a sustainable environment of clean air, water, and soil.

Education should be funded like our military high quality public education that is expanded to include technical colleges, and universities  
",www.MarquitaBradshaw.com,https://www.marquitabradshaw.com/volunteer
Chelsey Hockett,Texas,Federal,Congressional District 5,Democrat,East Dallas to East Texas,"Tax the rich and corporations, protect workers rights, money out of politics",Chelseyhockettforcongress.com,Chelseyhockettforcongress@gmail.com or https://docs.google.com/forms/d/e/1FAIpQLSepmSSbpuBdaZiziESAonC79guBaFW56PRS3_kx5YI6ekPeTw/viewform
Lena Morales,Texas,Local,Austin City Council District 3,Democratic Socialists of America,"East Austin and surrounding neighborhoods, including parts of Travis County","Rent control & tenant unions
Public power & green infrastructure
Worker protections & $20 minimum wage (Im the Texas Mamdani)",www.moralesTX4.com,www.moralesTX4.com
Olivia Hart,Utah,Local,Salt Lake City Council District 2,Independent line and democratic line,"Northwest Salt Lake City including Rose Park, Fairpark","Transit that actually connects working-class neighborhoods to job centers, not just downtown loops. Air quality is a policy failure, not geography. Also, yes, I support free school meals statewide even if that’s “not local.”",https://www.hartut2.info/,see above
Luis Mendoza,Utah,Local,Salt Lake City Council District 2,Democratic Party,"West Salt Lake City, including Glendale, Poplar Grove, and surrounding neighborhoods","1- Air quality isn’t a seasonal issue here it’s a policy failure, and I’m pushing for stricter local emissions standards and transit expansion to actually reduce it. 2 We also need to stop approving developments without requiring water-efficient design in a drought-prone state. 3 And even at the city level, I support broader democratic accountability nationwide, including continued scrutiny of figures like Donald Trump.
",https://www.mendozaUT4us.info,https://www.mendozaUT4us.info/get-involved
Salaam Bhatti,Virginia,Federal,House of Representatives VA-1,Democrat,"Western Henrico, Richmond (north side, museum district, Scott’s addition), Midlothian, parts of chesterfield, west towards Lynchburg",1. Medicare for all. 2. Tax billionaires 3. Campaign finance reform,Salaamforva.com,Salaamforva.com/act
Ericka Kopp,Virginia,Federal,"U.S. House, VA-01 (may change with redistricting)",Democrat,"Based on current map: from the Northern Neck to King George, Tappahannock, Hanover west of Rockville, Williamsburg, New Kent, Northwest Henrico, Midlothian.",Articles of Impeachment against Trump on day one; universal healthcare; tax the rich,ErickaKopp.com,Website volunteer tab
Trevor Nguyen,Virginia,State,Virginia House of Delegates District 82,Democratic Party,Hampton Roads region + parts of Norfolk and Chesapeake,"* Stop using one-time budget surpluses to claim progress, build durable funding for schools and flood control
* Legalize and regulate short-term rentals properly so neighborhoods are not hollowed out
* also why is broadband still this bad in 2026 fix it",https://www.instagram.com/nguyen4va82,https://www.nguyenva4us.org/volunteer
Trevor Nguyen,Virginia,State,Virginia House of Delegates District 68,Democratic Party,Richmond metro areas,"Richmond keeps growing but infrastructure planning lags years behind, so I’m prioritizing proactive transit and road investment before congestion becomes permanent. We also need to stop treating workforce housing as optional tie every major rezoning to clear affordability benchmarks. And at a broader level, lets get the masks off of the gestapo now",https://www.nguyenVA4us.info/get-involved,https://www.nguyenVA4us.info/get-involved
Jason Brown II,Virginia,Federal,"U.S. House of Representatives, VA District 4","Independent (likely no primary— no Republican is running, and Democrat incumbent is running unopposed). ","Richmond and south of Richmond (Colonial Heights, Petersburg, Sussex, Dinwiddie, Hopewell)","Abolish ICE, Affordability For All, End Our Wars",jasonforcongress2026.com,Email: jasonforcongress26@gmail.com
Brent Hennrich,Washington,Federal,CD 03,Democrat,Entire SW Corner of Washington State. Just over 7600 mi sq.,"Universal Healthcare, Education, Tax the Rich",www.brenthennrich.com,volunteer@brenthennrich.com is our volunteer coordinators direct email. Can sign up at www.brenthennrich.com/volunteer
Ethan Park,Washington,State,Washington State House of Representatives District 37,Democratic Party,South Seattle,"Expand affordable housing options
Fund public transit & climate infrastructure
Support small businesses & workers","https://www.parkWA37.org
instagram @ethanpark43",https://www.parkWA37.org/get-involved
Carmela Conroy,Washington,Federal,Congress WA05District,Democrat,"Washington's 5th congressional district encompasses the Eastern Washington counties of Ferry, Stevens, Pend Oreille, Lincoln, Spokane, Whitman, Walla Walla, Columbia, Garfield, and Asotin, along with parts of Adams and Franklin. It is centered on Spokane, the state's second largest city.","1. More problem-solving, less political theater 2. Principled Leadership 3. Accountability",www.conroy4congress.com,https://conroy4congress.com/volunteer/
Brianna O’Neal,Wisconsin,State,Wisconsin State Assembly District 16,Democratic Party,"Milwaukee area, including West Allis and nearby in Milwaukee County","hold state gov fiscally accountable,   end cash bail for low-level offenses and expand pretrial services protect  abortion access in state law regardless of federal shifts","https://www.onealWI4us.org
Twitter (X): https://x.com/oneal4wi16",https://www.onealwi4us.org/get-involved